OBJECTID *,Handle,Layer,length,Shape_Area
1,5B,Parcels,293.570822,3001.590763
2,85,Parcels,220.021544,1500.795296
3,AC,Parcels,160.639877,1500.795466
